{"x": [-20.439481735229492, 18.752504348754883], "y": [-9.700681686401367, 30.711772918701172], "z": [-0.07039300352334976, 90.7814712524414]}
